{
	"class_name" : "PinholeCameraParameters",
	"extrinsic" : 
	[
		0.10813774076800683,
		0.76635886053443802,
		-0.63324586528610616,
		0.0,
		0.98170725970439343,
		0.018089240058177899,
		0.18953531501492868,
		0.0,
		0.15670700451888545,
		-0.64215798389062761,
		-0.75038392737334314,
		0.0,
		-1.9989371326531515,
		-0.2955616756328896,
		2.5236869639680619,
		1.0
	],
	"intrinsic" : 
	{
		"height" : 1016,
		"intrinsic_matrix" : 
		[
			879.88181024498977,
			0.0,
			0.0,
			0.0,
			879.88181024498977,
			0.0,
			923.5,
			507.5,
			1.0
		],
		"width" : 1848
	},
	"version_major" : 1,
	"version_minor" : 0
}